# {"t_start": 1553900931.1560147, "env_id": "BreakoutNoFrameskip-v4"} 
r,l,t
7.0,1490,5.884933
3.0,1047,6.817866
2.0,891,7.630334
1.0,734,8.281206
2.0,863,14.42043
0.0,575,14.88542111.0,691,15.532774
0.0,574,15.97198321.0,754,16.3.0,10393.0,1125,17.5354653.1.0,690,23.5439272.1.0,697,24.1236812.0,922,24.92939911.0,736,25.528073
1.0,663,26.071393
2.0,858,26.77144630.0,549,32.6567253.2.0,959,33.48142804.0,1105,34.517373
2.0,870,35.213648
0.0,553,35.662916
1.0,646,36.221343
0.0,542,42.092779
3.0,1123,43.091441
2.0,808,43.806092
3.0,998,44.635603
1.0,658,45.169773
1.0,674,45.722214
1.0,681,51.823209
1.0,699,52.411089
1.0,680,2.0,902,52.1.0,724,3.0,1063,4.0,1179,54.634364
1.0,662,55.227935
2.0,897,614.0,1298,0.0,606,62.1.0,6.0,1510,63.1493.0,92.0,858,63.927512
3.0,999,70.167834
1.0,687,70.71685
2.0,794,71.391034
1.0,673,71.975251
2.0,815,72.596014
4.0,1107,73.593218
2.0,862,79.746968
6.0,1356,81.022819
2.0,869,81.754587
2.0,900,82.452785
2.0,771,83.099609
3.0,1009,89.300899
5.06.0,1624,90.674884.0,1261,91.515508
3.0,976,92.281653
2.5.0,1302,98.526895.0,1276,99.49051
4.0,1115,100.385447
0.0,3.0,963,101.18832.0,2.0,852,107.41614.05.0,1298,108.567292.03.0,956,109.372372.02.0,896,110.08213.0,3.0,989,116.41215.0,1389,117.103638
1.03.0,1070,118.06773.0,951,118.547499
4.0,1134,119.48521
7.0,1579,126.260206
1.0,742,126.901675
3.0,927,127.598345
4.0,1107,128.51076572.0,940,134.689584
2.0,86.0,1428,135.44.0,1194,136.363513
3.0,1003,137.206367
12.0,915,137.91573744.0,1175,144.3463472.0,816.0,2507,146.26.0,1661.0,774,146.8515.0,14.0,1108,153.2106.0,14.0,1199,154.213.0,13.0,1019,155.0196.0,13.0,1116,155.8594.0,1272,162.14639.0,4.0,6.0,1568,163.3.0,6.0,8.0,1704,165.00109.0,1992,171.616881
1.0,672,172.208276
3.0,929,172.9995715.8.0,1798,174.569721
4.0,1177,181.0149.0,14.0,1087,181.9148.0,8.0,1463,183.164.0,127.0,1862,190.137.0,164.0,1174,191.129.0,198.0,1797,192.677.0,175.0,1480,199.352.0,875.0,1374,200.59.0,2184,201.809034
4.0,1169,208.477722
3.0,1000,209.362638
2.0,792,210.097588
3.0,1114,210.958775
6.0,169.0,1784,217.840.0,587.0,1639,219.15.0,125.0,1366,220.295.0,135.0,1473,226.9312.0,5.0,1214,227.96122.014.0,2091,229.756464
7.0,1299,236.470885
13.0,2287,238.40117
3.0,1016,239.142603
8.0,1569,245.964532
6.0,1501,247.113568
15.0,2383,254.519.0,266.0,1438,255.7912.0,211.0,2215,263.237.0,176.0,1463,264.388.0,188.0,1858,265.874953
6.0,1544,272.607.0,167.0,1527,273.906.0,154.0,1127,274.908.0,167.0,1795,281.889.0,188.0,1542,283.219.0,15.0,1340,284.2914.0,14.0,1191,290.71210.0,2139,292.405574
7.0,1638,299.314942
6.0,10.0,2262,300.9146.0,10.0,2076,308.0686.0,8.0,1914,309.7186107.0,1592,311.03901477.0,1739,317.98034783.0,883,318.760359510.0,2290,320.694789
5.0,1184,327.0849397.6.0,1540,328.3406869.3.0,890,329.0759399.0,2080,336.096202
710.0,1895,337.5409046.11.0,2192,344.826113.08.0,1950,346.441696.5.0,1239,347.47911110.0,2065,354.580772
9.0,1782,355.866773
13.0,2581,363.57158986.0,1595,364.87508985.0,1329,371.345007510.0,2130,373.207212
7.0,1694,374.510056
15.0,2498,382.006768
5.0,1300,383.017418
7.0,1672,389.777705
11.0,2223,391.596835
8.0,1655,398.413577
10.0,1977,399.972158
10.0,2074,407.172984
8.0,1776,408.62316
8.0,1811,410.11921
4.0,1271,416.565618
9.0,1930,418.164347
3.0,995,418.925565
9.0,1904,426.00511.0,7.0,1628,427.395913.10.0,2116,434.669215.05.0,1343,435.8141215.12.0,2259,443.159207.04.0,1116,444.0675715.0,2973,446.600905
5.0,1363,453.15388
12.0,2500,455.193561
11.0,2159,462.386843
9.0,1851,463.913256
5.0,1251,470.337199
8.0,1860,471.856347
7.0,1499,473.048728
7.0,1695,479.80349
6.0,1654,481.101811
11.0,2348,488.580395
9.0,1947,490.390844
8.0,1575,497.123738
12.0,2225,498.99356
12.0,2340,506.320174
7.0,1479,507.547049
5.0,1304,508.565475
9.0,1849,515.437654
6.0,1480,516.733388
16.0,113.0,2523,523.12.0,2165,525.57554
5.0,1376,526.665767
16.0,2522,534.118362
12.0,2373,541.481074
6.0,1531,542.664452
12.0,2434,544.651618
9.0,1944,551.695598
7.0,1651,552.997164
6.0,1375,559.600936
10.0,2240,561.486002
7.0,1875,568.381132
11.0,2115,570.192103
4.0,1102,571.028765
12.0,2279,578.22311
4.0,1175,579.162317
10.0,1811,586.072545
8.0,1655,587.564061
12.0,2355,594.898372
10.0,2112,596.659951
8.0,1894,598.247927
9.0,1815,605.08601
11.0,1815,606.54721
9.0,1854,613.511275
9.0,1838,615.05607
5.0,1235,616.012494
7.0,1631,622.885169
7.0,1575,624.135266
8.0,1871,631.145007
4.0,1101,632.103379
9.0,2015,633.777758
5.0,1359,640.347203
7.0,1860,641.935041
12.0,2377,649.306818
819.0,2928,651.1216310.10.0,2011,658.25654.0,4.0,1092,659.167516.0,2634,666.414529
10.0,1907,667.964885
4.15.0,2131,668.949758.0,1907,675.837748
6.08.0,1861,677.101739.0,1980,684.10328
8.0,1753,685.672003
12.0,2484,693.165409
14.0,2535,695.414511
9.0,1951,702.391644
11.0,2288,704.388253
7.0,1628,711.167171
11.0,2122,712.971495
5.0,7.0,1752,714.111511.011.0,2182,721.314811.0,1781,722.770224
7.0,1539,729.553563
9.0,15.0,2578,731.43912.0,7.0,1776,738.299217.0,2797,740.562762
9.0,1993,747.513669
11.0,2212,749.352246
7.0,1635,756.078795
17.0,2543,758.299921
17.0,2537,765.864149
9.0,1948,767.453728
8.0,1855,774.320956
12.0,2219,776.193121
9.0,2023,783.222399
19.0,2779,785.545503
12.0,2143,792.693075
14.0,2595,800.194426
16.0,2713,802.457561
10.0,2099,809.55081
8.0,1852,811.062295
7.0,1684,812.409679
12.0,2503,819.882807
10.0,2172,827.067984
12.0,2180,828.964802
10.0,2016,835.957623
10.0,2280,837.896843
8.0,1754,844.756324
10.0,2273,846.577985
6.0,1643,847.940094
8.0,1852,854.858243
12.0,2460,856.889208
10.0,2273,864.12359
9.0,2028,865.714977
10.0,2107,872.792449
11.0,2204,880.048912
15.0,2223,881.90092
11.0,2158,889.043472
14.0,2219,890.898422
11.0,2475,898.353646
5.0,1229,899.365973
17.0,2267,901.309924
13.0,2607,909.02596
11.0,2306,916.384503
8.0,1902,918.035866
9.0,1991,925.118307
12.0,2491,927.161374
9.0,2120,934.266377
10.0,2222,936.197582
9.0,1775,943.211768
15.0,2283,945.177378
14.0,2037,952.359454
16.0,2299,954.240735
15.0,2416,961.632609
11.0,2284,963.570922
12.0,2342,970.861893
10.0,1946,972.446913
10.0,2095,979.661808
14.0,2684,982.015358
5.0,1359,988.57951
12.0,2187,990.390837
4.0,1250,996.896719
10.0,2267,998.727973
6.0,1429,999.89467
12.0,2226,1007.22356
17.0,2706,1014.850765
11.0,2087,1016.523366
12.0,2404,1023.914793
7.0,1636,1025.370292
15.0,2437,1032.778645
9.0,2078,1034.459639
10.0,2129,1041.60107
16.0,2642,1043.846316
22.0,2329,1051.197482
7.0,1683,1052.626701
10.0,1551,1059.319423
8.0,1880,1060.756371
10.0,2057,1067.8023.0,210.0,2094,1069.5411.0,211.0,2223,1076.837493
5.0,1296,1077.8716.0,210.0,2053,1079.4813.0,216.0,2622,1086.997.0,149.0,1889,1088.4510.0,15.0,2492,1095.99015.0,13.0,2192,1103.26112.0,10.0,2180,1105.17612.0,14.0,2221,1112.3448.0,117.0,2252,1114.247.0,1612.0,2372,1121.551519
11.0,2402,1123.628302
8.0,1988,1130.657985
12.0,2357,1132.622208
8.0,1809,1139.570273
13.0,2476,1141.598233
6.0,1646,1148.425972
9.0,1727,1149.820534
9.0,1916,1156.813756
11.0,2251,1158.66484
14.0,2386,1166.057124
15.0,2459,1168.185627
6.0,1530,1174.87708
11.0,2268,1176.875472
10.0,2072,1184.033901
5.0,1404,1185.078995
9.0,1995,1186.622702
9.0,1912,1193.532648
9.0,2043,1195.175128
10.0,2111,1202.269801
13.0,2500,1204.313272
7.0,1687,1211.107556
11.0,2437,1213.199028
11.0,2015,1220.507818
11.0,2179,1222.316064
14.0,2660,1230.008443
19.0,2326,1237.302075
9.0,1970,1238.89202
8.0,1895,1240.497239
11.0,2292,1248.034821
8.0,1996,1249.6492
7.0,1806,1256.57311.010.0,2384,1258.533210.018.0,2780,1266.346876
11.0,2504,1273.800465
10.0,2252,1275.766638
11.0,2288,1283.16541
15.0,2721,1285.355552
18.0,2941,1293.272656
14.0,2290,1300.714516
14.0,2632,1302.999914
6.0,1415,1309.549825
11.0,2192,1311.37096
9.0,2036,1318.361046
13.0,2310,1320.345208
8.0,1883,1327.370888
4.0,1264,1328.419091112.0,1970,1330.070922115.0,2946,1337.8351
12.0,2347,1345.125731
10.0,2247,1346.886129
19.0,2631,1354.452049
12.0,2375,1356.346197
11.0,2351,1363.791138
9.0,1952,1365.39212
10.0,2249,1372.756036
17.0,2707,1380.531116
16.0,2431,1382.430677
16.0,2543,1389.930053
8.0,1755,1391.385237
11.0,2276,1398.671821
15.0,2650,1400.738424
14.0,2220,1407.933127
13.0,2576,1415.320906
16.0,2792,1417.556373
17.0,2471,1424.930167
12.0,1987,1426.473795
24.0,2497,1433.947208
14.0,2724,1436.202019
15.0,2454,1443.707366
20.0,2660,1451.277648
5.0,1372,1452.449205
9.0,1991,1459.517871
12.0,2584,1461.703579112.0,2287,1469.0136320.13.0,2588,1471.0151711.11.0,2231,1478.192718
12.0,2369,1480.11114.010.0,2022,1487.235812.012.0,2580,1489.215816.011.0,2219,1496.525814.014.0,2145,1498.240510.017.0,2715,1505.963511.015.0,2501,1513.465716.011.0,2216,1515.334324.010.0,2047,1522.452310.012.0,2574,1524.559612.016.0,2582,1532.17013.0,13.0,2126,1533.83318.0,12.0,2468,1541.29014.0,12.0,2380,1548.63024.0,2932,1550.53483
22.0,2982,1558.401808
13.0,2491,1565.783688
14.0,2772,1568.070132
14.0,2310,1575.338302
14.0,216.0,3191,1583.4015.0,214.0,2683,1585.7316.0,218.0,2601,1593.2716.0,2758,1595.319399
7.0,1610.0,2083,1602.115.0,2611,1604.202623
13.0,2420.0,3173,1612.115.0,2813.0,2788,1619.813.0,2547,1621.526788
11.0,221.0,3302,1629.5515.0,211.0,2207,1636.7414.0,221.0,3128,1639.3919.0,14.0,2410,1646.8767.0,111.0,2367,1648.718.0,3210.0,2083,1655.917.0,2830.0,3099,1663.917.0,2812.0,2452,1665.915.0,2512.0,2255,1673.114.0,2520.0,2731,1675.320.0,2272,1682.343723
14.0,2770,1690.018273
19.0,3056,1692.413954
19.0,3143,1700.339132
10.0,2003,1707.360979
12.014.0,2771,1709.793613.0,2588,1716.909754
13.0,2487,1719.038618116.0,2687,1726.633997123.0,3091,1734.5596851420.0,3042,1736.9926971818.0,2945,1744.7928281317.0,2775,1752.3927171812.0,2406,1754.2884822210.0,2256,1761.5740371721.0,2987,1769.4586139.15.0,3019,1771.8801419.16.0,2623,1779.5360917.11.0,2166,1786.743572112.0,2110,1788.4325941514.0,2653,1795.974
17.0,2860,1798.356367
21.0,3528,1806.87417
17.0,3005,1814.760916
22.0,3522,1823.059974
25.0,3284,1831.001818
13.0,2803,1833.477804
11.0,2228,1840.789311
14.0,2480,1842.773631
17.0,2706,1850.382808
19.0,3254,1858.416552
9.0,1947,1859.950083
25.0,3276,1868.000927
20.0,3259,1876.085285
11.0,2491,1878.074922
18.0,3004,1885.998934
20.0,3238,1894.011643
12.0,2139,1895.805734
14.0,2410,1903.396657
14.0,2880,1911.246689
10.0,2220,1913.027968
22.0,3221,1921.265721
13.0,2512,1928.846934
6.0,1367,1929.959955
9.0,2252,1931.749608
13.0,2059,1938.891844
20.0,3246,1946.921265
14.0,2623,1949.028434
13.0,2608,1956.673909
15.0,2546,1964.256441
14.0,2766,1966.553319
13.0,2615,1974.167987
27.0,3542,1982.475472
12.0,2503,1984.425564
17.0,3158,1992.470159
9.0,1839,1999.359714
17.0,2687,2001.652698
11.0,2182,2008.936202
13.0,2792,2011.144915
16.0,2590,2018.707721
20.0,3204,2026.766106
9.0,2080,2028.407886
16.0,2722,2036.112057
15.0,2880,2043.878376
8.0,1904,2045.493415
14.0,2827,2053.198972
13.0,2495,2055.26918
9.0,2198,2062.465742
10.0,1551,2063.79936
15.0,2582,2071.275729
18.0,2440,2073.212244
21.0,3030,2081.030657
16.0,2514,2088.430475
12.0,2514,2090.483208
3.0,1087,2096.773338
12.0,2448,2098.727095
15.0,2455,2106.171771
10.0,2119,2107.974222
14.0,2121,2115.050835
19.0,3518,2123.305323
13.0,2533,2125.402827
17.0,2956,2133.269166
15.0,2926,2141.193833
16.0,3038,2143.81652
13.0,2571,2151.359618
917.0,3119,2159.2485021114.0,2679,2161.4136989.13.0,2820,2169.2006618.14.0,2308,2171.105251620.0,3043,2178.9647718.18.0,2944,2186.8445213.25.0,3127,2194.903786
15.0,2619,2197.142173
12.0,2484,2204.723592
19.0,2703,2207.022425
14.0,2946,2214.842371
23.0,3910,2223.397236
19.0,3119,2231.354658
15.0,2336,2233.370203
14.0,2664,2241.05178
14.0,2676,2248.877063
11.0,2234,2250.720607
9.0,2059,2257.8232218.15.0,2409,2259.8421.0,316.0,2885,2267.6918.0,215.0,1714,2269.0117.0,317.0,2235,2276.2215.0,2860,2283.821312
13.0,220.0,3276,2286.3719.0,217.0,3197,2294.4424.0,223.0,2819,2302.1322.0,318.0,2838,2304.3921.0,213.0,2553,2311.9521.0,2955,2319.68663
14.0,2414.0,2688,2321.916.0,2521.0,2661,2329.821.0,2866,2337.264871
13.0,2111.0,2403,2339.125.0,2955,2346.825433
19.0,2824.0,3026,2354.921.0,3653,2357.903162
16.0,2891,2365.973943
19.0,3007,2373.943422
18.0,2957,2381.744111
20.0,2947,2384.216059
15.0,2565,2391.686915
25.0,3523,2399.919239
11.0,2453,2401.905572
15.0,2820,2409.608482
15.0,2769,2417.252132
19.0,2598,2419.328978
14.0,2391,2426.756047
15.0,2812,2428.998616
19.0,3120,2437.085424
19.0,2734,2444.855826
7.016.0,2871,2452.58718.014.0,2752,2454.9125120.0,3256,2462.04408626.0,3430,2464.244394
15.0,2784,2471.998578224.0,3559,2480.2640251417.0,2563,2487.7603291814.0,2315,2489.6055091315.27.0,3702,2497.3722.12.24.0,3510,2505.6819.0,20.0,2756,2508.03016.0,19.0,3294,2516.14824.0,13.0,2600,2523.76713.0,12.0,2356,2525.72213.2116.0,2692,2533.44916.1326.0,3553,2541.70625.0,21.0,3424,2549.89615.0,17.0,2894,2552.1899.01410.0,2242,2559.3612.01214.0,2419,2561.3115.04125.0,3317,2569.6084447.0,4451,2577.836291
20.0,3403,2585.9415
17.0,3108,2593.879546
23.0,3051,2596.31544
2632.0,4058,2604.4134751723.0,3763,2612.8708771911.0,2208,2620.1125791224.0,3874,2628.6912072112.0,2278,2630.6096489.25.0,3400,2638.8323820.15.0,3065,2646.7122419.24.0,3207,2649.3957321.14.0,2759,2657.1908421.25.0,3524,2665.44717.0,24.0,3064,2673.29923.0,25.0,3552,2681.56425.0,23.0,2711,2683.79727.0,18.0,3011,2691.62814.0,30.0,3639,2700.0417.0,217.0,3054,2707.9218.0,226.0,3332,2710.579704
24.0,3854,2719.279718
18.0,2981,2727.094713
22.0,3488,2735.42698
16.0,3258,2743.401507
18.0,2896,2745.709339
6.0,1713,2752.600208
28.0,3516,2760.8969
19.0,3552,2763.855552
14.0,2695,2771.563235
16.0,3000,2779.489718
19.0,3336,2787.651387
14.0,2760,2790.051559
13.0,2187,2797.081765
22.0,3249,2805.049213
21.0,3531,2807.921664
22.0,3063,2815.890476
7.0,1826,2822.71919.0,15.0,3085,2825.241313
22.0,3432,2833.451003
19.0,2948,2841.22953
15.0,2762,2848.8123.0,327.0,3368,2851.624137
21.0,3256,2859.630682
15.0,3044,2867.55158
16.0,2884,2875.309068
16.0,3094,2877.748433
9.0,1981,2884.748915
21.0,2984,2887.156435
11.0,2247,2894.373369
28.0,3867,2903.038676
25.0,3965,2911.649047
12.0,2387,2913.57538
11.0,2211,2920.70124.0,13.0,2512,2928.14017.0,12.0,2117,2929.81825.0,15.0,2863,2937.60618.0,14.0,2907,2939.94014.0,2835,2947.289737
15.0,2586,2954.999598
15.0,2479,2957.123162
17.0,2707,2964.881946
15.0,2995,2972.829086
12.0,2557,2974.988482
11.0,2243,2982.246232
16.0,3074,2990.161229
15.0,2657,2992.345902
12.0,2510,2999.752694
19.0,2985,3002.224468
17.0,2860,3009.98095
7.0,1615,3016.684363
18.0,3006,3019.070666
14.0,2784,3026.77149
15.0,2534,3034.235646
13.0,2236,3036.017226
7.0,117.0,3186,3043.7916.0,211.0,2190,3045.597.0,1711.0,2327,3052.822.0,3514.0,2748,3055.118.0,3129.0,3511,3063.9.0,187915.0,2409,307024.0,288112.0,2451,3072.831363
15.0,2602,30824.0,3556,10.0,2148,30827.0,375715.0,2589,30896.0,1551,11.0,2456,30911.0,2191,16.0,3047,31027.0,346218.0,3002,31022.0,3000,8.0,1863,311434.0,3946,3122.693489
13.0,2353,3124.6601
16.0,2755,3132.310185
19.0,2971,3134.726842
23.0,3031,3142.695674
20.0,3430,3150.817854
31.0,3683,3159.161407
16.0,3083,3167.130359
17.0,3103,3169.607279
24.0,3518,3177.955239
21.0,3220,3186.017942
15.0,2553,3193.428629
19.0,2995,3195.877552
19.0,3081,3203.931553
13.0,24115.0,2915,3211.21.0,27620.0,3182,3219.15.0,22525.0,3243,3222.14.0,23420.0,3042,3230.13.0,25915.0,2882,3237.17.0,30618.0,3089,3240.16.0,28319.0,3096,3248.17.0,31831.0,3848,3256.844261
17.0,3156,3264.915884
22.0,3376,3273.283958
17.0,2639,3275.38496
34.0,3839,3284.021888
16.0,2903,3291.808805
15.0,2983,3299.649217
14.0,2824,3301.904043
13.0,2160,3309.025.0,3730.0,3697,3317.424.0,3825.0,3696,3325.929421
23.0,3351,3328.848099
20.0,3116,3336.865402
20.0,3099,3344.947997
33.0,3776,3353.55463
16.0,2978,3361.422166
11.0,2270,3363.265537
17.0,3472,3371.457546
24.0,3386,3379.604576
37.0,4153,3388.466875
26.0,3547,3396.793816
20.0,3578,3405.283978
30.0,3658,3408.422796
20.0,2962,3416.237204
18.0,3034,3424.089547
15.0,2155,3425.762843
23.0,3695,3434.162301
23.0,3085,3442.017813
27.0,3790,3450.416606
26.0,3471,3458.60021
11.0,1999,3460.188674
13.0,2563,3467.633859
24.0,3286,3475.602973
12.0,2491,3477.558311
25.0,3367,3485.77415
16.0,2523,3493.312062
15.0,2928,3495.644367
13.0,2391,3502.943888
21.0,3219,3510.850985
24.0,2887,3513.123158
19.0,2875,3520.945022
21.0,3759,3529.543734
16.0,2981,3537.408209
17.0,2914,3539.705433
17.0,3264,3547.903221
8.0,1908,3554.782803
11.0,2330,3556.79571
22.0,3993,3565.467324
15.0,2472,3572.790716
22.0,2649,3574.913191
11.0,2338,3582.225831
16.0,2983,3590.117808
12.0,2385,3592.123874
13.0,2586,3599.763888
20.0,3194,3607.850141
24.0,3135,3610.484144
19.0,2449,3618.019758
26.0,3670,3626.322801
15.0,2485,3628.274784
7.0,1529,3634.975081
12.0,2559,3637.01124.010.0,2019,3644.079422.012.0,2501,3651.518.0,2917.0,2879,3653.830.0,3619.0,2980,3661.27.0,3708,3669.495022
13.0,2752,3671.770459
16.0,30445.0,4713,3679.10.0,22414.0,2698,3687.18.0,32415.0,2865,3689.30.0,37037.0,4057,3698.23.0,3594,3706.206142
17.0,2773,3713.845496
23.0,3293,3722.093726
34.0,4572,3731.438335
22.0,3758,3739.927713
29.0,4208,3748.922189
14.0,2846,3751.19521
17.0,3027,3759.044798
15.0,2607,3766.599087
12.0,2458,3768.483982
16.0,2548,3775.894502
27.0,3800,3784.321643
30.0,3732,3792.716726
23.0,3630,3801.18955
26.0,3415,3803.910413
25.0,3540,3812.291954
21.0,3707,3820.67481
12.0,2411,3828.041391
18.0,2784,3830.277487
29.0,3675,3838.581343
19.0,3179,3846.431978
33.0,4032,3855.154936
21.0,3423,3863.41127
23.0,3496,3871.737738
25.0,3415,3880.051769
17.0,2716,3882.358369
11.0,2203,3889.553987
10.0,1940,3891.17704
9.0,1899,3898.083946
24.0,33626.0,3510,3900.27.0,4133,3909.544626
19.0,2920,3917.402246
10.0,2145,3924.645672
19.0,2773,3926.895595
16.0,27319.0,3437,3934.14.0,23527.0,2924,3942.30.0,36823.0,2971,3945.12.0,2433,3952.591354
20.0,328.0,3820,3960.8013.0,217.0,3346,3969.0024.0,316.0,2880,3971.3531.0,4060,3979.234375
36.0,3654,3987.719182
22.0,3651,3996.193377
37.0,4247,4005.076115
16.0,2994,4013.051459
13.0,2419,4015.117185
14.0,2579,4022.590295
29.0,4048,4031.362994
15.0,223.0,3721,4039.7232.0,23.0,3128,4042.16916.0,12.0,2026,4049.23026.0,27.0,3819,4057.83520.0,3554,4065.653623
20.0,2815,4067.955057
24.0,2931,4075.997901
24.0,3188,4084.035487
27.0,3654,4092.546446
17.020.0,3214,4094.547522.031.0,3663,4102.986423.026.0,3574,4111.239617.028.0,3807,4119.688426.032.0,3988,4128.325135.026.0,3570,4136.778515.027.0,3303,4139.461926.020.0,2595,4146.967720.019.0,2675,4154.539316.026.0,3512,4162.902417.032.0,4103,4171.790846
23.0,3477,4174.572264
13.0,2468,4182.039504
21.0,3318,4190.146474
24.0,3507,4198.381818
12.0,2484,4200.463921.022.0,3321,4208.741719.14.0,2770,4216.353542016.0,2590,4218.4712121117.0,3189,4226.610545
20.0,3251,4234.8005252619.0,3067,4242.734882227.0,1742,4244.12824226.0,1603,4245.341966
30.0,3199,4253.254716
17.0,3275,4261.220345
19.0,3296,4269.268567
18.0,3514,4277.641242
14.0,2808,4279.912199
27.0,2660,4287.431719
13.0,2527,4294.997891
23.0,3532,4297.855982
21.0,2734,4305.591425
17.0,3215,4313.616211
13.0,2622,4315.688764
26.0,3506,4323.873506
21.0,3480,4332.061159
17.0,3115,4339.152575
30.0,3660,4347.564631
31.0,4313,4356.60868
26.0,3809,4359.830203
27.0,3718,4368.319007
17.0,2517,4375.679779
24.0,3136,4383.63875
29.0,3439,4391.740893
24.0,3849,4400.165656
31.0,4155,4409.069283
15.0,2468,4411.015445
17.0,3224,4419.095245
24.0,3182,4427.103208
23.0,3159,4429.627445
19.0,3516,4437.887532
23.0,3147,4445.826753
26.0,3244,4453.852362
19.0,3128,4461.805568
17.0,3218,4464.463369
18.0,2876,4472.127072
27.0,3748,4480.618763
21.0,3034,4488.586096
22.0,3569,4496.87631
22.0,3498,4499.669523
38.0,4037,4508.394567
16.0,2627,4515.940391
33.0,4083,4524.633386
22.0,3657,4533.046757
19.0,2751,4540.674258
20.0,3345,4543.299675
22.0,3625,4551.760873
8.0,1715,4558.502444
23.0,3684,4566.935489
17.0,2793,4569.312068
14.0,2704,4576.898653
17.0,2586,4579.023146
20.0,2895,4586.776042
28.0,3650,4595.342246
11.0,2458,4602.762586
18.0,2540,4604.804161
24.0,3026,4612.788715
20.0,2607,4620.334136
21.0,2666,4622.514541
25.0,3922,4631.188924
17.0,3160,4639.221311
36.0,4071,4647.970038
27.0,3245,4656.067723
22.0,3499,4664.346146
20.0,3069,4666.994955
37.0,3947,4675.753812
14.0,2402,4683.10795
37.0,3884,4691.759899
21.0,3351,4699.927416
11.0,2091,4701.566817
28.0,3772,4709.993809
9.0,2084,4711.640318
12.0,2275,4718.832908
17.0,3141,4726.800861
26.0,3760,4735.256399
18.0,2868,4737.62662
11.0,2244,4744.966057
12.0,2434,4746.89394
20.0,2942,4754.849183
34.0,3706,4763.197483
23.0,3624,4771.535714
20.0,3600,4779.882695
19.0,3236,4787.923985
38.0,4287,4796.801927
15.0,2543,4798.947306
22.0,3234,4807.062466
25.0,3888,4815.664869
16.0,3050,4823.575468
28.0,3487,4831.894618
12.0,1843,4833.455914
10.0,2079,4835.1347
18.0,3086,4843.086578
23.0,3485,4851.405161
17.0,3064,4859.240587
37.0,4289,4868.175199
20.0,3714,4876.56592
26.0,3495,4884.808751
21.0,2951,4887.35
19.0,2820,4895.080723
27.0,3802,4903.559372
33.0,3711,4911.940432
13.0,2370,4913.868253
30.0,3804,4922.345111
33.0,4271,4931.183567
16.0,2639,4938.923336
19.0,3172,4946.962006
18.0,2776,4949.360381
22.0,3428,4957.681338
18.0,2537,4965.173681
14.0,2390,4967.040771
22.0,3145,4975.00805
22.0,3557,4983.257726
13.0,2526,4990.697383
19.0,2973,4993.225845
16.0,3136,5001.214269
19.0,3058,5009.205567
10.0,2219.0,3511,5011.320.0,2922.0,3269,5019.420.0,220.0,3221,5027.495552
27.0,3749,5035.825.0,4018.0,3050,5043.625.0,3116.0,2736,5045.816.0,2626.0,3085,5053.618.0,3313.0,2560,5061.116.0,2926.0,3596,5069.27.0,40011.0,2282,5071.25.0,33922.0,3593,5079.14.0,22115.0,2469,5086.28.0,38917.0,2719,5089.18.0,34026.0,3872,5097.22.0,3517.0,2873,5105.517.0,3242,5113.638285
19.0,3193,5116.139945
13.0,2424.0,3079,5123.316.0,217.0,2948,5131.1821.0,318.0,3127,5139.1320.0,27.0,4164,5147.87528.0,24.0,3380,5150.51521.0,11.0,2396,5157.95219.0,3358,5165.853613
13.021.0,3419,5167.99712.0,21.0,3680,5176.3626.0,313.0,2615,5183.9017.0,322.0,3184,5191.8021.0,318.0,2919,5194.0511.0,220.0,2662,5201.6223.0,3450,5209.364708
27.0,3920,5212.479846
25.0,3836,5220.99126
17.0,2659,5228.562419
21.0,3242,5236.59103
18.0,2970,5244.407623
11.0,2219,5246.218027
14.0,2404,5253.491481
9.0,1995,5255.100035
19.0,2833,5262.882586
26.0,3169,5270.958389
15.0,2354,5272.770556
20.0,3230,5280.910497
18.0,2775,5288.521896
18.0,2613,5290.810685
9.0,2000,5297.798185
23.0,3241,5300.391308
10.0,2312,5307.751121
20.0,3758,5316.250161
16.0,2416,5323.587813
18.0,2761,5325.838913
15.0,2513,5333.233222
36.0,4083,5342.019446
25.0,3404,5350.309085
25.0,3210,5352.862927
28.0,3710,5361.39322
14.0,2596,5368.79061
16.0,2319,5370.558792
15.0,3051,5378.357383
11.0,2327,5385.630343
18.0,2932,5387.985285
9.0,1883,5394.891439
24.0,3173,5402.84585
24.0,3859,5411.388012
23.0,3214,5414.017618
25.0,3305,5422.130229
20.0,2567,5429.576651
24.0,3683,5437.874503
23.0,3338,5440.580625
15.0,3056,5448.380946
13.0,21.0,3620,5456.14221.0,21.0,3459,5464.42936.0,4565,5472.722735
28.0,3669,5475.639703
27.0,3314,5483.806424
15.0,2384,5491.18303
19.0,220.0,3509,5499.0830.0,3693,5502.133911
11.0,35.0,4100,5510.4349.0,118.0,3286,5518.4524.0,35.0,4416,5527.427624
26.0,3662,5535.895569
17.0,2408,5543.189473
20.0,3438,5551.458349
14.0,2363,5553.321209
49.0,4612,5562.68012
9.0,1967,5569.649469
8.0,1686,5571.024813
21.0,3349,5579.144809
20.0,3003,5586.917358
23.0,3080,5589.422515
21.0,3493,5597.736494
16.0,2562,5605.342752
22.0,3655,5613.835163
15.0,2315,5615.770749
25.0,3292,5623.847756
18.0,2890,5631.648536
16.0,2932,5633.991644
19.0,2910,5641.779077
21.0,3457,5649.954561
10.0,2231,5651.7174223.14.0,2766,5659.5549218.24.0,3314,5667.679451
17.0,2785,5675.419723
21.0,3293,5677.969669
24.0,3028,5685.8307220.18.0,3166,5693.8384332.10.0,1927,5695.3791519.33.0,3938,5704.051217.016.0,3133,5712.017724
19.0,2827,5719.62128.0,25.0,3455,5727.89618.0,15.0,2883,5730.33518.0,12.0,2497,5737.69914.0,15.0,2792,5745.55121.0,15.0,2473,5747.59117.0,17.0,2807,5755.32024.0,15.0,2758,5757.52815.0,22.0,3059,5765.43840.0,27.0,3661,5773.8129.0,120.0,2963,5781.517.0,3320.0,3148,5789.420.0,2918.0,3209,5792.023.0,3422.0,3280,5800.116.0,3313.0,2456,5807.612.0,2423.0,3158,5810.118.0,328.0,4032,5818.8820.0,317.0,3019,5826.23.0,32011.0,2332,5834.40.0,34624.0,3223,5842.14.0,25815.0,2803,5844.19.0,3235.0,4284,5853.426.0,3142.0,4511,5862.40268
17.0,2961,5870.158589
33.0,3980,5878.881155
32.0,3640,5887.251876
11.0,2504,5889.32168
23.0,3525,5897.553942
15.0,2381,5904.980354
27.0,4082,5913.799558
9.0,2045,5915.435143
9.0,1904,5922.383109
14.0,2630,5924.491692
29.0,3271,5932.460744
18.0,3332,5940.58656
37.0,4221,5949.571041
18.0,3266,5957.681651
11.0,2223,5959.514967
24.0,3868,5968.126065
20.0,3170,5976.076596
6.0,1653,5977.41372
18.0,2101,5984.572927
8.0,1767,5985.949525.024.0,3130,5993.929016.028.0,3902,6002.554825.019.0,2871,6010.363713.020.0,3292,6018.519225.020.0,3572,6021.505493
48.0,5602,6037.275032
41.0,4326,6046.419698
15.0,2271,6048.226429
12.0,2463,6055.689272
33.0,4204,6064.571748
23.0,3842,6073.223419
29.0,4125,6082.018618
19.0,2438,6089.505663
5.0,1472,6090.704111
15.0,2253,6092.526975
39.0,4534,6106.968555
29.0,4038,6115.5806
24.0,3383,6118.275542
10.0,2267,6125.568161
23.0,3805,6134.14903
17.0,3109,6142.096424
27.0,3542,6145.122516
22.0,2950,6153.005531
31.0,3775,6161.551581
21.0,3231,6169.53214
31.0,4028,6178.202797
18.0,3261,6186.258535
28.0,4182,6195.038352
20.0,2872,6197.410952
30.0,3733,6205.901859
20.0,2967,6213.873277
8.0,1743,6215.266857
14.0,2319,6222.565738
20.0,3281,6230.5970629.51.0,5178,6240.189556
12.0,2590,6247.713592
17.0,2935,6250.0581640.9.0,2092,6257.1747320.24.0,3696,6265.6068418.14.0,2656,6267.7914326.17.0,3182,6275.8974920.28.0,3310,6284.0224313.19.0,3078,6292.0015628.12.0,2227,6293.7578620.23.0,3669,6302.1454814.19.0,3000,6309.9938726.30.0,4059,6318.654709.021.0,3677,6326.997231
23.0,3321,6329.621676
9.0,1815,6336.578320.021.0,3454,6344.932824.016.0,3088,6347.47915.0,17.0,2917,6355.41636.0,18.0,3300,6363.47715.0,14.0,2583,6370.94921.0,31.0,3856,6374.05219.09.0,1820,6380.8728133.18.0,3263,6388.9514023.25.0,3445,6397.0859618.0,3806,6399.781218
33.0,3876,6408.399207
22.0,3439,6416.634728
24.0,3317,6424.798417
24.0,3344,6432.959846
31.0,3925,6441.659826
24.0,3707,6450.217787
20.0,2746,6452.36944
2831.0,3769,6460.46057735.0,3819,6468.884613
30.0,3868,6477.531553
2527.0,3333,6485.0815322335.0,4406,6494.1176172124.0,4231,6503.028165239.0,1961,6504.66686631.0,3822,6512.912331
34.0,4190,6521.799956
24.0,3829,6530.564188
24.0,3626,6539.020667
33.0,4048,6547.843951
20.0,2640,6550.068164
28.0,3836,6558.776575
28.0,4199,6567.678177227.0,3743,6576.215221326.0,3718,6584.699699237.0,3934,6593.297845119.0,3137,6601.320269219.0,2885,6609.113628921.0,3123,6611.7024552218.0,3534,6619.9977012316.0,2598,6627.6102922314.0,2776,6629.8946432213.0,2608,6637.4962112327.0,4052,6646.2514291616.0,2692,6653.7822452728.0,3754,6662.3755523727.0,4139,6671.2167611919.0,2992,6673.7199552132.0,4697,6688.5585543626.0,3503,6691.3655691732.0,3582,6699.6951962214.0,2527,6707.4666611520.0,3288,6715.60866327.0,3732,6718.137652
26.0,3759,6726.658941
17.0,3206,6734.951829
28.0,3534,6743.283809
1225.0,3703,6751.04649521.0,3781,6753.683248
25.0,3421,6761.915458
12.0,2262,6769.128102
26.0,3595,6777.441965
126.0,3083,6779.401613115.0,2939,6787.16804221.0,3451,6794.89013
22.0,3517,6797.807379
1419.0,3019,6805.73439234.0,4186,6814.221867
223.0,3066,6821.882068230.0,3843,6830.356664229.0,3921,6838.890505228.0,3944,6842.007717322.0,3432,6850.24133824.0,3359,6857.818166
16.0,2385,6865.236027
22.0,3700,6867.904346
50.0,4690,6876.824641
30.0,4069,6885.536078
11.0,2345,6892.955666327.0,3740,6901.374104232.0,3971,6909.907831124.0,3522,6918.022967115.0,2943,6920.531552
16.0,2538,6928.106935
11.0,1881,6929.556477136.0,4555,6938.640678421.0,2915,6946.356909330.0,4421,6955.422691119.0,3375,6963.6511257.12.0,2335,6970.9233120.0,3136,6972.719416
17.0,2845,6980.492546
34.0,4415,6989.451452
28.0,3073,6997.288096
11.0,2258,6999.130769
17.0,2799,7007.010642
36.0,4113,7015.78226
28.0,4085,7024.462612
20.0,2436,7026.347584
27.0,3231,7034.328487
27.0,3969,7042.944932
41.0,4391,7051.873509
34.0,4036,7060.504347
18.0,2974,7068.410911
11.0,2361,7075.757978
30.0,3649,7078.732406
29.0,3979,7087.39255
23.0,3323,7095.477374
21.0,2739,7103.070991
41.0,4803,7112.536454
16.0,3148,7120.519715
25.0,3590,7128.737506
28.0,3641,7136.974799
25.0,3954,7140.183342
26.0,3351,7148.30369
15.0,2411,7155.670984
20.0,2939,7163.420561
13.0,2715,7165.548715
14.0,2392,7172.945002
18.0,2813,7175.203476
22.0,3805,7183.656277
30.0,3470,7191.896878
20.0,3373,7199.967769
18.0,2919,7207.676426
16.0,2692,7209.805343
13.0,2482,7217.15283
9.0,2322,7224.318797
15.0,2810,7226.53946
30.0,4121,7235.27253
35.0,4584,7244.404578
30.0,3898,7252.877859
26.0,4077,7261.621588
15.0,2895,7269.530195
30.0,4211,7278.517689
39.0,4658,7287.831494
17.0,2756,7295.440848
11.0,2482,7297.421505
30.0,3714,7305.81331
20.0,3446,7313.987248
8.0,2013,7320.837869
13.0,2603,7322.883218
26.0,3851,7331.537621
13.0,2592,7339.075065
21.0,3244,7347.306621
18.0,3266,7350.034491
33.0,4307,7359.015621
17.0,2979,7366.751267
17.0,2305,7374.03678
19.0,3360,7376.744313
11.0,2283,7384.010484
28.0,4001,7392.579284
15.0,2863,7400.377722
27.0,3481,7403.324073
25.0,3891,7411.865239
13.0,2530,7419.414173
8.0,1929,7420.921259
17.0,2167,7428.12716
22.0,3133,7436.41002
39.0,4566,7445.651044
35.0,4062,7454.404105
20.0,3150,7462.323972
24.0,3098,7464.766413
46.0,4868,7479.652235
15.0,3047,7482.167745
8.0,1785,7489.037657
12.0,2553,7491.113025
24.0,3490,7499.538692
14.0,2578,7507.04634
12.0,2411,7508.912069
18.0,2757,7516.591077
10.0,2084,7518.314367
29.0,3639,7526.588901
15.0,2663,7534.183161
30.0,4227,7543.155409
26.0,3551,7551.549986
29.0,3943,7560.185556
26.0,3477,7568.466591
11.0,2042,7570.044236
13.0,2256,7577.186521
26.0,3399,7585.504019
16.0,2627,7587.579767
28.0,4321,7596.555377
20.0,3060,7604.554504
6.0,1408,7605.63892
11.0,2189,7612.825705
19.0,2728,7615.086164
13.0,2801,7622.809232
25.0,3856,7631.307278
24.0,3701,7639.886815
23.0,3558,7648.295476
9.0,1988,7649.868764
19.0,2997,7657.659019
23.0,3647,7665.974768
29.0,4216,7674.837823
38.0,4903,7684.324077
21.0,3297,7692.448202
15.0,2692,7700.100214
36.0,4402,7709.121734
24.0,3310,7711.900943
26.0,2842,7719.677358
21.0,3379,7727.813198
32.0,4463,7736.937443
16.0,2316,7744.209871
22.0,3013,7746.598122
16.0,2584,7754.151595
19.0,3239,7762.280682
18.0,2820,7764.4886391623.0,3400,7772.7186414020.0,3143,7780.6502612331.0,4003,7789.410666
17.0,2545,7796.808179
37.0,3770,7799.861639
12.0,2630,7807.4952932225.0,3881,7816.1074423918.0,3154,7824.2068054335.0,4743,7833.582222
11.0,2369,7835.4447393412.0,2371,7842.90336725.0,3058,7850.256992
2632.0,4721,7858.96211138.0,4894,7868.073168
1635.0,4844,7876.7432513523.0,3545,7884.98312234.0,4531,7893.964668
22.0,3052,7896.441466
28.0,3720,7904.826282
22.0,3463,7913.194195
18.0,2591,7920.691751
24.0,3254,7923.340306
33.0,4132,7932.024997
20.0,3116,7940.152828
13.0,2578,7947.664999
29.0,3632,7956.115821
12.0,2345,7957.931356
23.0,2958,7965.886072
24.0,3085,7973.775019
33.0,3927,7982.43997
15.0,2541,7984.421678
28.0,3840,7992.901138
31.0,3949,8001.479304
11.0,1728,8008.228148
34.0,4651,8017.425657
11.0,2101,8019.163546
23.0,3705,8027.65452
28.0,3704,8036.054272
24.0,3478,8044.279352
14.0,2449,8046.202641
26.0,3895,8054.756095
21.0,2726,8062.343077
27.0,3633,8070.695051
34.0,3739,8079.103306
31.0,4297,8088.095642
32.0,3199,8096.239092
32.0,4491,8105.265538
18.0,3007,8107.813028
24.0,3439,8116.018574
13.0,2642,8123.568872
18.0,2662,8131.298032
19.0,2831,8133.632152
16.0,2927,8141.398855
17.0,2863,8149.341011
24.0,3561,8152.222016
18.0,3305,8160.319314
26.0,3862,8168.959062
24.0,3431,8177.409911
36.0,4435,8186.543813
39.0,4474,8195.493198
26.0,3819,8204.032965
30.0,3907,8212.605816
20.0,3285,8220.736207
31.0,3543,8229.146144
24.0,3218,8231.753697
24.0,3101,8239.765638
19.0,2254,8246.980156
16.0,2506,8249.045186
13.0,2656,8256.640051
14.0,2464,8264.111206
16.0,2410,8266.037065
13.0,2540,8273.525543
29.0,3732,8281.979638
51.0,5706,8292.017946
22.0,3210,8300.081023
6.0,1745,8301.488312
23.0,3013,8309.312252
17.0,2745,8316.894841
7.0,1680,8318.202655
10.0,2140,8325.290812
34.0,4529,8334.341038
19.0,2619,8336.453374
18.0,2771,8344.140227
14.0,2917,8351.799866
16.0,2603,8353.890545
30.0,4178,8362.823053
24.0,3267,8371.001375
31.0,4196,8379.881966
13.0,2723,8387.4485
31.0,3899,8396.168155
26.0,3894,8404.834177
26.0,3683,8413.173344
37.0,4530,8422.274399
21.0,3062,8424.653553
24.0,3310,8432.704822
24.0,3443,8441.042279
57.0,4925,8450.475577
27.0,3778,8458.931843
28.0,3852,8467.469073
28.0,3247,8475.575553
25.0,3597,8483.875736
16.0,2931,8486.200641
33.0,4591,8500.755391
29.0,3940,8503.997752
24.0,3234,8512.030242
31.0,4024,8520.643897
16.0,2728,8528.414787
23.0,3107,8536.34517
57.0,5882,8546.711355
26.0,4180,8555.497452
15.0,2627,8562.968102
35.0,4512,8572.216829
38.0,3998,8580.810039
28.0,4244,8589.78463
25.0,3941,8598.541621
31.0,3990,8607.236761
26.0,3624,8615.564033
11.0,2100,8617.186807
35.0,4784,8626.411957
33.0,4159,8635.330964
30.0,4511,8644.428118
20.0,3073,8652.325226
22.0,3346,8660.379493
12.0,2633,8667.9411
33.0,4859,8677.200847
27.0,3726,8685.664968
20.0,3126,8688.227098
25.0,3330,8696.272353
19.0,2954,8704.058727
32.0,3976,8712.73674
40.0,4835,8722.190027
32.0,4126,8731.09974
39.0,3930,8739.852721
24.0,4075,8748.590294
25.0,3381,8756.727864
17.0,2664,8758.875904
40.0,4987,8773.777732
16.0,2588,8775.809337
22.0,3031,8783.73407
18.0,2865,8791.374749
23.0,3221,8793.91176
18.0,3440,8802.201468
10.0,2311,8809.487563
19.0,3540,8817.804761
11.0,2288,8819.598749
36.0,3699,8827.99475
17.0,2893,8835.677433
26.0,3085,8843.528533
17.0,2912,8846.018197
24.0,3704,8854.34642
39.0,5084,8863.978712
11.0,2143,8871.161232
37.0,4252,8880.204512
26.0,3798,8888.676043
22.0,3504,8896.883176
24.0,3689,8905.287814
21.0,3134,8907.800428
30.0,3658,8916.450207
25.0,3839,8924.964705
23.0,3444,8933.187803
20.0,3671,8941.673742
22.0,3220,8949.671205
25.0,3450,8957.991096
17.0,2784,8960.201741
24.0,3456,8968.428615
38.0,4408,8977.377284
9.0,2009,8984.427232
22.0,3075,8987.028245
18.0,2910,8994.784257
30.0,3851,9003.477106
20.0,2959,9011.260269
34.0,4403,9020.225691
25.0,4022,9028.825073
19.0,3364,9036.916157
16.0,2633,9038.918485
18.0,3046,9046.68947
26.0,3973,9055.389229
40.0,4473,9064.57881
24.0,3814,9073.112976
22.0,3423,9081.282943
18.0,2890,9083.554889
20.0,2971,9091.370928
27.0,3603,9099.573761
18.0,3268,9107.577632
31.0,4591,9116.933214
18.0,3079,9124.84658
11.0,2374,9126.789371
20.0,3499,9135.024844
44.0,4681,9144.357507
39.0,5330,9159.533716
23.0,3231,9162.065607
33.0,4310,9170.980029
33.0,3577,9179.274472
29.0,3474,9187.600943
25.0,3850,9196.187031
23.0,3516,9204.496415
17.0,3041,9212.263582
21.0,3363,9215.110451
19.0,2797,9222.703716
34.0,4259,9231.590008
26.0,3522,9239.873111
30.0,3386,9248.103631
29.0,4140,9256.983194
39.0,4475,9266.078272
19.0,2982,9273.890063
23.0,3659,9276.875432
31.0,4628,9291.678465
28.0,3726,9294.799665
22.0,2976,9302.639792
13.0,2613,9310.140595
22.0,3540,9318.372965
12.0,2535,9320.337882
23.0,3241,9328.368276
26.0,3921,9337.157423
18.0,3211,9345.253643
18.0,3159,9353.385392
41.0,5263,9363.336809
37.0,4592,9372.504535
18.0,3121,9380.462268
23.0,3615,9388.958627
16.0,2383,9390.789345
43.0,5175,9400.462726
22.0,2950,9408.367398
24.0,3474,9416.618285
29.0,3675,9425.045377
38.0,3725,9433.492124
21.0,3243,9441.580449
29.0,4138,9450.320187
38.0,4465,9459.317078
30.0,3688,9462.163296
33.0,3823,9470.721365
21.0,3077,9478.595978
25.0,3935,9487.44191
16.0,3010,9495.355566
39.0,3919,9504.051225
33.0,4202,9512.895099
22.0,3525,9521.229091
30.0,4081,9529.941555
35.0,4408,9539.046494
24.0,2930,9541.43062
13.0,2678,9549.17399
15.0,2850,9556.881732
24.0,3843,9565.424701
17.0,3155,9568.02812
24.0,3686,9576.417295
21.0,3320,9584.418422
24.0,3047,9592.24304
17.0,3204,9600.238404
26.0,3589,9608.702982
26.0,4038,9617.55872
19.0,2674,9619.696578
29.0,3774,9628.277328
9.0,2066,9635.334327
25.0,3896,9644.079764
15.0,2686,9646.257555
25.0,3793,9654.783975
15.0,2938,9662.573374
30.0,4280,9671.42513
25.0,3301,9679.66372
31.0,4245,9688.648551
23.0,3748,9697.218366
20.0,3118,9699.814354
12.0,2808,9707.526959
15.0,2444,9714.949064
19.0,3311,9717.520265
29.0,4030,9726.268068
22.0,3105,9734.105894
12.0,2585,9741.62633
28.0,3903,9750.296866
21.0,3214,9753.043564
26.0,2975,9760.901141
15.0,2737,9768.610787
14.0,2528,9770.58248
11.0,2371,9777.832521
15.0,2879,9785.536466
20.0,3046,9787.890154
26.0,3548,9796.114194
9.0,1777,9802.984572
8.0,1789,9804.381152
24.0,3896,9812.914407
20.0,2998,9820.771371
18.0,2765,9822.951482
38.0,4988,9838.032586
16.0,2897,9840.399858
13.0,2649,9847.907214
15.0,2840,9855.772141
12.0,1597,9857.005281
32.0,4166,9865.801773
25.0,3542,9874.276094
13.0,2373,9876.20428
12.0,2536,9883.668949
16.0,2675,9891.264321
23.0,3561,9899.588894
16.0,3013,9902.002891
14.0,2453,9909.428408
14.0,2364,9911.330843
19.0,3047,9919.272908
20.0,3568,9927.542957
23.0,3206,9935.572191
25.0,3413,9943.776318
14.0,2483,9945.86238
12.0,2374,9953.315724
15.0,2718,9955.555828
18.0,2656,9963.151184
13.0,2740,9970.766362
26.0,3328,9979.023513
22.0,3356,9981.904366
36.0,4585,9991.094091
7.0,1539,9997.728695
20.0,2854,9999.990184
8.0,1902,10007.069036
12.0,2531,10014.671401
19.0,3251,10017.230044
19.0,3098,10025.193418
20.0,2542,10032.770683
12.0,2490,10034.755501
7.0,1801,10041.710835
36.0,4141,10050.534312
18.0,2399,10052.350787
27.0,3846,10060.853344
25.0,3065,10068.767174
15.0,2477,10076.302574
27.0,3949,10084.872009
21.0,3243,10087.603077
19.0,3143,10095.69945
21.0,3371,10103.8018
5.0,1303,10104.895484
24.0,3448,10113.147043
26.0,3871,10121.786121
14.0,2188,10123.500785
41.0,4876,10138.548577
20.0,3081,10141.080178
15.0,2446,10148.459937
9.0,1828,10149.925101
14.0,2433,10157.346198
29.0,3684,10165.703311
11.0,2310,10167.621655
11.0,1885,10174.576938
9.0,2038,10176.221572
32.0,4014,10184.869247
12.0,2455,10192.300671
14.0,2260,10194.156159
9.0,2078,10201.176769
33.0,3989,10209.903519
19.0,2609,10217.396516
23.0,3033,10219.946177
24.0,2801,10227.693666
28.0,4066,10236.431161
50.0,5440,10246.413716
14.0,2877,10254.084745
27.0,3617,10262.571557
24.0,3688,10270.960332
24.0,2892,10273.198104
14.0,2710,10280.732355
9.0,1986,10287.801148
28.0,3857,10290.886315
24.0,3340,10298.900305
20.0,2601,10306.37737
19.0,2846,10314.090136
21.0,3584,10317.168417
14.0,2181,10324.40947
22.0,3315,10332.558816
21.0,2895,10334.906318
16.0,2591,10342.523303
13.0,2161,10349.635
8.0,1816,10351.113105
14.0,2867,10358.724018
42.0,4803,10368.088069
39.0,4598,10377.301748
28.0,3189,10385.31208
23.0,3579,10393.771601
18.0,3248,10396.343615
18.0,3098,10404.273581
10.0,21031.0,3316,10411.20.0,25022.0,3996,10420.16.0,27526.0,3948,10428.22.0,3831.0,3547,10431.836.0,4946.0,4381,10440.720587
28.0,3851,1044931.0,418113.0,2858,1045632.0,315736.0,3590,10465.241704
22.0,3898,10474.006405
16.0,3040,10481.882389
18.0,2722,10484.157177
30.0,4263,10493.039167
12.0,2545,10500.589155
15.0,2036,10502.233605
24.0,3277,10510.322085
20.0,2734,10517.880543
13.0,2566,10520.059285
22.0,3402,10528.122719
20.0,3383,10536.242029
39.0,4703,10545.700829
12.0,2505,10553.134769
11.0,2159,10554.778847
30.0,3429,10563.080257
19.0,2857,10570.813134
23.0,3165,10578.841216
49.0,5036,10588.359028
7.0,1644,10589.609782
10.0,1977,10596.617213
26.0,3925,10605.236967
12.0,2687,10607.456431
29.0,3644,10616.02839
5.0,1474,10622.633611
5.0,1467,10623.790263
22.0,3446,130.0,3774,10629.0,3736,127.0,3647,10617.0,2982,10643.13643
41.0,5084,10658.020921
17.0,3202,10660.545641
23.0,3062,10668.38147
20.0,3449,10676.735992
24.0,3148,10684.787275
31.0,4388,10693.69948
14.0,2691,10695.865176
18.0,2547,10703.416341
10.0,2414,10710.713412
41.0,4976,10720.228764
31.0,3933,10728.80144
10.0,1954,10730.372571
29.0,4055,10739.018573
30.0,4142,10747.981194
30.0,3670,10756.416212
43.0,4874,10765.877403
38.0,4086,10774.636487
21.0,3162,10782.652968
30.0,4060,10791.498146
40.0,4151,10800.303836
21.0,3457,10808.45148
25.0,3423,10816.529447
22.0,3550,10824.849116
24.0,3424,10827.622479
47.0,5054,10842.522009
20.0,3163,10845.199345
30.0,4605,10859.860787
35.0,4738,10869.182449
19.0,3359,10871.895487
21.0,3515,10880.127041
24.0,3388,10888.384814
17.0,3227,10896.472741
16.0,2546,10903.928251
19.0,3534,10906.744448
28.0,3628,10915.09832
29.0,3803,10923.706447
16.0,2915,10931.458188
25.0,3313,134.0,4302,10937.0,4322,10948.516966
32.0,3650,10956.800583
41.0,4268,41.0,4896,109618.0,2828,31.0,3929,109733.0,4305,32.0,4550,109815.0,2710,25.0,3542,109931.0,4390,15.0,2569,109924.0,3266,11001.541515
21.0,3413,11009.680381
30.0,3627,11018.086315
11.0,2039,11019.765691
24.0,3422,30.0,4028,110229.0,3820,36.0,4620,11028.0,4193,153.0,5683,11024.0,3634,29.0,3522,11055.484024
27.0,3251,110622.0,3645,29.0,3930,11072.223251
22.0,3040,110829.0,3967,31.0,3988,11088.614493
34.0,4416,110941.0,4809,26.0,3279,111035.0,4345,43.0,4648,11114.976053
14.0,2082,111143.0,4744,19.0,2893,111231.0,3366,11132.596637
36.0,4045,11141.362303
35.0,3928,11150.151677
17.0,2589,25.0,2962,111528.0,4081,48.0,5055,111626.0,3722,22.0,3606,11129.0,4094,124.0,3335,11141.0,4676,11187.36291
28.0,3872,1143.0,5248,1113.0,2689,11203.541344
6.0,1595,11204.8343
34.0,4414,11213.829408
9.0,1873,1122024.0,294838.0,4343,11229.708775
28.0,3574,11238.086949
29.0,3890,11246.800398
26.0,3941,11255.499393
20.0,3283,11258.231269
27.0,3885,11266.798656
20.0,2951,11274.652704
38.0,4479,11283.676291
41.0,4718,11292.842873
19.0,3028,11300.692145
44.0,4852,11310.167001
38.0,4362,11319.141502
17.0,3342,11327.335376
25.0,3620,11335.800182
23.0,3259,11343.885671
15.0,2810,1146.0,5270,1121.0,3523,1141.0,4316,1120.0,2840,1123.0,3479,1139.0,4543,1153.0,5951,11379.162869
26.0,4041,11387.967102
20.0,2995,11395.853665
11.0,2116,1134.0,4708,1141.0,4873,1145.0,5238,11414.229566
13.0,2068,1126.0,3461,116.0,3182,11425.0,3361,19.0,3205,114339.0,4843,21.0,3313,114319.0,2850,20.0,2845,114438.0,4812,40.0,4832,114513.0,2560,34.0,3913,114621.0,3166,34.0,4008,114620.0,3235,26.0,3622,114725.0,4168,47.0,4496,11486.970849
29.0,3993,11495.568571
11.0,2249,115030.0,4312,12.0,2422,115142.0,465428.0,4331,1151918.0,342628.0,3906,1152820.0,328922.0,3487,1153139.0,50725.0,3976,11539.25.0,34619.0,3163,11547.25.0,4079,11555.852497
42.0,4605,11564.938297
13.0,2441.0,5027,11572.739.0,5145,11582.077375
19.0,339.0,4821,11590.2922.0,319.0,2968,11598.2016.0,223.0,3262,11601.0120.0,3160,11608.397652
15.0,28.0,3969,11616.68723.0,24.0,3401,11624.84730.0,4658,11633.537315
40.0,4797,11642.710219
39.0,4536,11651.832753
28.0,4165,11660.856136
32.0,4117,11669.619674
25.0,3810,11678.243175
19.62.0,5656,11687.4039331.32.0,4086,11696.155410.020.0,2766,11698.324314.039.0,4741,11713.016909
22.0,3217,11715.609574
27.0,3519,11724.013634
49.0,4179,11732.929273
24.0,3197,11741.067217
32.0,4532,11750.161574
30.0,4656,11759.326621
24.0,3691,11767.866989
22.0,3604,11776.323278
33.0,3626,11784.792269
41.0,4347,11793.679189
26.0,3496,11801.941115
19.0,3487,11810.342277
10.0,2441,11812.227958
31.0,3870,11820.822092
27.0,3800,11829.264157
31.0,4320,11838.212674
13.0,2589,11845.688776
18.0,3334,11853.761589
32.0,4041,11862.517649
26.0,3479,11865.407614
15.0,2683,11872.982559
14.0,2401,11880.304718
13.0,2371,11882.152561
38.0,4128,11891.029811
24.0,3874,1189943.0,496022.0,3149,1190727.0,443616.0,3033,1191525.0,363724.0,3798,1192417.0,307230.0,3792,1192716.0,311011.0,2478,1193432.0,398439.0,4852,1194425.0,334115.0,3087,1195231.0,378016.0,2960,1195921.0,324744.0,4772,1196915.0,299254.0,5034,11978.754759
26.0,3530,1198761.0,534843.0,4664,1199625.0,35620.0,3053,12004.22.0,37030.0,3918,12012.74401
19.0,3336,12020.88194
26.0,3311,12023.558678
42.0,4154,12032.247215
51.0,5277,12047.424182
32.0,4054,12056.101871
28.0,4058,12064.827983
20.0,3275,12067.567284
30.0,3217,12075.588652
31.0,4279,12084.772807
32.0,4466,12093.851.0,5531.0,4037,12102.460224
41.0,4960,12111.857716
29.0,4415,12126.249786
18.0,2619,12128.355128
23.0,3427,12136.631244
13.0,2428,12143.931095
24.0,3328,12146.31.0,40032.0,3765,12154.98351
29.0,4705,12164.199867
40.0,5273,12179.258908
19.0,2922,12181.523886
29.0,4295,12190.502837
11.0,2006,12197.582078
16.0,3102,12205.55222
39.0,4725,12214.595153
33.0,4524,12223.614357
10.0,2155,12225.26248
35.0,4297,12234.073434
30.0,4104,12242.815149
20.0,3077,12250.768728
44.0,4666,12260.055574
9.0,2127,12267.108489
7.0,1836,12268.53573
30.0,4214,12277.308014
29.0,3831,12285.888633
28.0,3785,12294.317164
18.0,3125,12302.244942
20.0,3062,12310.09276
21.0,3340,12312.706713
20.0,3150,12320.769305
32.0,4495,12329.925059
30.0,3845,12338.524536
14.0,2634,12346.066974
4.0,1143,12346.967941
14.0,2670,12354.523683
12.0,2190,12356.310934
31.0,4280,12365.201583538.0,2018,12372.197455340.0,4514,12381.27032
28.0,4288,12388.559141
35.0,4113,12397.287749
24.0,3880,12400.494359
30.0,3677,12409.002971
25.0,3624,12417.30316326.0,3604,12424.537308
24.0,3605,12432.940343
22.0,3427,12435.706783137.0,4410,12450.086252329.0,3838,12453.25598
14.0,2771,12460.841551
30.0,4013,12469.488012
42.0,4718,12478.967219
27.0,3971,12487.695864
22.0,3253,12495.699795
32.0,4179,12504.142106
38.0,4265,12512.721135
19.0,3241,12520.684529
16.0,2796,12522.833358
25.0,3391,12530.917984
27.0,3869,12539.582214
49.0,4972,12549.168914
28.0,3882,12557.949595
36.0,4372,12566.882915
29.0,4350,12575.805048
21.0,3383,12584.026913
27.0,3705,12592.480376
19.0,3252,12600.45004
21.0,3232,12608.422904
15.0,3027,12610.946899
26.0,3182,12619.020797
13.0,2655,12626.474169
27.0,3308,12634.529934
43.0,4742,12636.40902226.0,3409,12644.467931
226.0,3991,12652.88081720.0,3156,12655.240201
140.0,4374,12663.48624
59.0,5885,12679.142323
18.0,2789,12681.456465
26.0,3491,12689.807602
22.0,3257,12697.910775
18.0,2885,12705.644376
35.0,3840,12714.309194
30.0,3647,12722.77328
25.0,3295,12725.349018
17.0,2817,12733.033633
28.0,3823,12741.563984
36.0,5139,12751.100927
52.0,5670,12766.71624
42.0,5059,12776.399984
27.0,3869,12785.131057
26.0,3938,12793.721014
23.0,3155,12796.17705
25.0,3339,12804.217978
23.0,3637,12812.446772
21.0,3460,12820.831209
22.0,3371,12828.964924
8.0,1852,12830.540497
13.0,2435,12837.984826
25.0,3009,12845.866862
17.0,3118,12848.407556
31.0,3799,12856.845681
18.0,3055,12864.745938
29.0,4468,12873.691825
10.0,2264,12880.834961
25.0,3531,12883.644205
10.0,1988,12890.811442
8.0,2047,12892.469718
41.0,4791,12907.286703
16.0,2819,12909.543642
30.0,3789,12918.011874
39.0,3853,12926.403668
27.0,3267,12934.495407
24.0,3731,12942.844592
33.0,4423,12951.958256
4.0,1187,12952.86817
9.0,1896,12959.819701
19.0,3139,12962.466314
25.0,3398,12970.696064
20.0,2994,12978.595927
18.0,2807,12986.325701
24.0,3290,12989.083939
20.0,3457,12997.457541
20.0,2891,13005.227792
18.0,3301,13013.280076
20.0,3113,13015.732342
20.0,3725,13024.04661
14.0,2291,13031.297621
23.0,3945,13040.211916
34.0,4454,13049.346226
25.0,3850,13057.994838
18.0,2958,13065.839145
19.0,2960,13068.286186
14.0,2693,13075.853258
12.0,2275,13083.101492
16.0,3212,13085.679166
27.0,3282,13093.740017
25.0,3281,13101.694588
24.0,3466,13109.948137
29.0,3879,13118.490507
26.0,4108,13127.421084
43.0,4694,13136.729513
18.0,3116,13144.687631
18.0,2744,13146.900923
44.0,5242,13156.531221
13.0,2360,13163.787548
39.0,3989,13172.623483
34.0,3916,13181.20596
38.0,4396,13190.293847
45.0,5356,13200.150598
28.0,3352,13208.427048
33.0,4649,13217.561419
33.0,4484,13226.531876
28.0,3448,13234.720014
17.0,3031,13242.593118
25.0,3700,13251.311253
12.0,1914,13252.894803
17.0,2829,13260.608732
11.0,2265,13267.795
15.0,2761,13270.098137
41.0,5164,13279.690239
15.0,2913,13287.449107
16.0,3059,13295.26604
15.0,2626,13297.312814
20.0,3372,13305.35572
38.0,4041,13314.172482
5.0,1375,13320.692372
15.0,2848,13322.984699
9.0,1950,13330.116477
23.0,3192,13338.158256
4.0,1279,13339.170063
24.0,3256,13347.331772
19.0,2846,13349.559807
17.0,3111,13357.52991
10.0,2248,13364.687668
24.0,3589,13367.543776
11.0,2388,13374.845281
15.0,2971,13382.653831
8.0,1841,13384.083398
15.0,2794,13391.779681
26.0,3456,13400.132497
23.0,3231,13402.831193
58.0,5445,13418.276344
19.0,2938,13426.14462
7.0,1768,13427.505497
17.0,3248,13435.481562
21.0,2696,13437.670109
19.0,3177,13445.825403
10.0,2069,13452.848737
15.0,2585,13454.890939
21.0,3205,13462.86865
12.0,2668,13470.355902
14.0,2359,13472.392444
14.0,2315,13479.701408
16.0,3227,13487.814989
6.0,1617,13489.170048
13.0,2634,13496.767889
28.0,3676,13499.812279
31.0,3772,13508.311891
17.0,2579,13515.803141
16.0,2432,13523.163237
9.0,2150,13524.971879
35.0,3675,13533.471334
23.0,3632,13541.811641
21.0,3046,13549.805568
12.0,2523,13551.749558
18.0,2890,13559.436013
9.0,2082,13561.057432
21.0,3501,13569.28214
15.0,2771,13576.870672
23.0,2517,13578.837257
27.0,3259,13587.167907
24.0,3202,13595.141679
20.0,2734,13602.797338
25.0,3417,13605.692778
22.0,3611,13614.054326
23.0,3595,13622.428935
21.0,2706,13629.988285
36.0,4326,13638.881612
29.0,3861,13647.391511
14.0,2348,13649.267851
35.0,4135,13658.135186
32.0,3948,13666.828032
32.0,4174,13675.73109
31.0,3791,13684.282516
10.0,1531,13690.925828
26.0,3933,13699.572594
11.0,2358,13701.439325
28.0,3340,13709.510893
5.0,1504,13710.70544
35.0,4507,13719.788864
18.0,3391,13728.043835
31.0,3968,13736.684591
10.0,2285,13744.039496
29.0,3607,13752.3699
26.0,3624,13760.749211
30.0,4006,13769.348992
17.0,2999,13771.706032
26.0,3528,13779.941271
19.0,3510,13788.200991
7.0,1768,13789.6574
46.0,4872,13804.640011
8.0,1949,13806.093289
20.0,3151,13814.148639
22.0,3025,13822.010663
22.0,3394,13824.828311
27.0,3894,13833.441961
50.0,5100,13848.487338
6.0,1607,13849.796116
36.0,4594,13859.124416
16.0,2925,13866.901911
35.0,3896,13875.505694
30.0,3668,13883.835585
18.0,3330,13886.530042
25.0,3960,13895.208923
37.0,4875,13909.997917
17.0,2782,13912.217854
32.0,4758,13921.491178
20.0,3879,13930.186911
25.0,3531,13938.486094
28.0,3994,13947.205576
28.0,3823,13955.80025
15.0,2326,13963.069795
18.0,2877,13965.510073
23.0,2867,13973.257038
30.0,4162,13982.070507
21.0,2745,13989.597001
17.0,2781,13991.850857
23.0,3654,14000.224354
27.0,3308,14008.368804
20.0,3280,14016.38724
22.0,3612,14024.812606
7.0,1841,14026.30659
38.0,4461,14035.365568
19.0,3211,14043.322836
15.0,2877,14051.209821
44.0,4819,14060.533969
22.0,3181,14068.537016
27.0,4155,14077.322608
21.0,3432,14080.067406
35.0,4016,14088.863616
24.0,3026,14096.747889
32.0,4025,14105.368039
26.0,3779,14113.881768
30.0,3383,14121.945245
33.0,4192,14130.654222
10.0,2196,14132.427875
28.0,3936,14141.222595
24.0,3279,14149.361338
23.0,3679,14157.674492
19.0,3430,14165.903621
21.0,3779,14174.358528
28.0,4040,14183.149118
24.0,3609,14191.445804
30.0,3680,14199.806303
31.0,4266,14208.690168
22.0,3957,14217.436237
14.0,2669,14219.626503
26.0,3726,14228.10046
16.0,2753,14235.702114
20.0,2994,14238.072498
24.0,3278,14246.016876
19.0,3245,14254.194511
13.0,2388,14261.610919
13.0,2647,14263.822718
27.0,3622,14272.355045
15.0,3078,14280.262859
39.0,4482,14289.383334
14.0,2782,14296.951285
19.0,3000,14299.459758
26.0,2974,14307.271357
28.0,3551,14315.571019
21.0,3447,14323.850301
16.0,2802,14326.136409
34.0,4160,14335.033645
26.0,3465,14343.353303
24.0,3758,14351.802988
31.0,4314,14360.899238
35.0,4453,14370.00026
26.0,3058,14377.825438
16.0,2850,14385.516061
20.0,3372,14393.755273
23.0,2875,14396.008109
20.0,3617,14404.355073
28.0,3725,14412.886322
36.0,4622,14422.052566
22.0,3182,14430.027892
17.0,2283,14431.801324
40.0,4562,14446.365341
20.0,2999,14448.737659
32.0,4045,14457.454159
30.0,4265,14466.113368
23.0,3189,14474.103983
13.0,2893,14481.810346
18.0,2567,14483.937519
24.0,3176,14492.09794
30.0,3723,14500.607294
20.0,2949,14508.433643
20.0,3169,14510.906965
20.0,3501,14519.110874
32.0,3896,14527.65519
19.0,2973,14535.508398
38.0,4646,14544.626618
27.0,3286,14552.715482
52.0,5026,14562.373493
4.0,1270,14563.369207
34.0,4404,14572.425563
19.0,2934,14580.231504
17.0,2764,14587.950775
15.0,2710,14595.589157
38.0,4969,14605.11862
18.0,3153,14607.58229
29.0,3633,14615.852592
9.0,1997,14622.999954
30.0,4557,14632.296092
32.0,4498,14641.600507
11.0,2234,14648.812766
31.0,4297,14657.711218
8.0,1962,14659.256522
20.0,3335,14667.442005
26.0,3392,14675.546306
25.0,3295,14678.119901
33.0,4176,14692.36168
37.0,4548,14701.556403
25.0,3818,14710.071012
17.0,2788,14712.341018
25.0,3804,14720.959811
20.0,3003,14728.853418
19.0,3021,14736.843051
25.0,3833,14745.396894
35.0,4280,14754.188886
32.0,4608,14763.3431
10.0,2197,14765.300215
25.0,3500,14773.48403
14.0,2627,14781.02803
38.0,4813,14790.471739
13.0,2618,14792.632761
29.0,3948,14801.347023
27.0,3555,14809.523802
19.0,2970,14817.329571
25.0,3284,14825.326975
27.0,3895,14833.911992
25.0,3404,14842.152161
48.0,5948,14852.526756
22.0,3440,14860.721983
20.0,3252,14868.780115
39.0,4320,14877.577869
23.0,3157,14880.229374
11.0,2481,14887.468406
11.0,2252,14894.618054
31.0,4859,14903.937006
14.0,2687,14906.143261
12.0,2597,14913.673565
29.0,2841,14921.403811
24.0,3429,14929.738529
37.0,4548,14938.845176
19.0,3086,14941.256918
20.0,2971,14949.118824
49.0,5643,14958.98921
18.0,2658,14966.678446
46.0,5159,14976.434626
41.0,4673,14991.077227
9.0,1955,14992.686993
27.0,3439,15000.908846
44.0,5286,15010.681221
20.0,2985,15018.426216
9.0,2024,15020.03076
27.0,3339,15028.225142
22.0,2927,15035.985091
16.0,2526,15038.171461
36.0,4612,15052.916903
33.0,4652,15062.190117
34.0,4541,15071.413822
16.0,3268,15079.576203
31.0,3571,15082.372479
36.0,4101,15090.984662
18.0,2807,15098.717809
22.0,3413,15106.833054
22.0,2789,15114.671474
15.0,2662,15116.935591
18.0,2814,15124.744751
16.0,2819,15132.451116
15.0,2462,15134.488939
18.0,3305,15142.511508
22.0,3640,15150.802402
21.0,3108,15158.775945
24.0,3330,15161.350696
20.0,2822,15169.083831
18.0,3433,15177.282896
8.0,2000,15178.827411
17.0,2729,15186.539378
26.0,3684,15195.075689
22.0,2980,15202.958331
27.0,3547,15211.17169
30.0,3968,15219.685618
18.0,3132,15222.244689
18.0,2856,15229.965578
14.0,2172,15237.202171
22.0,3491,15240.022838
20.0,3543,15248.456565
15.0,3026,15256.401772
24.0,3726,15264.765142
17.0,3030,15272.660256
23.0,3795,15275.838121
38.0,4516,15290.417682
31.0,3518,15293.229204
38.0,4070,15301.881545
20.0,2738,15309.540384
23.0,2883,15317.329588
26.0,4013,15326.033615
27.0,3433,15334.248235
14.0,2846,15336.633658
18.0,3446,15345.014144
30.0,4244,15353.873347
23.0,3484,15362.057142
41.0,4772,15371.266251
17.0,2916,15379.075403
33.0,4291,15388.125377
19.0,3111,15396.046264
31.0,4319,15405.160582
13.0,2752,15407.483588
35.0,3935,15416.244314
31.0,4216,15424.953197
12.0,2254,15432.201816
20.0,3300,15440.22295
21.0,3251,15442.79763
33.0,4018,15451.535471
15.0,2847,15459.25546
37.0,4364,15468.334757
18.0,2708,15476.051337
38.0,4459,15485.241996
40.0,4201,15494.138206
25.0,3553,15502.358665
21.0,3047,15510.237438
21.0,3175,15512.812548
25.0,3474,15521.014416
11.0,2187,15528.210348
27.0,3608,15536.686414
30.0,3851,15539.840769
18.0,3116,15547.695344
25.0,3477,15556.086211
20.0,2998,15563.94665
29.0,3468,15572.234111
39.0,4499,15581.27939
19.0,3156,15583.877531
41.0,4578,15598.496793
29.0,3899,15607.005656
22.0,2958,15609.402651
35.0,4700,15618.645557
61.0,6051,15634.481355
18.0,2889,15642.223501
24.0,3883,15650.917381
50.0,5834,15661.116069
38.0,4327,15670.075948
19.0,3111,15678.047791
6.0,1499,15679.259769
36.0,4086,15687.99125
22.0,3367,15696.195525
25.0,3347,15704.373484
30.0,3714,15712.82989
18.0,2923,15715.296685
26.0,3610,15723.745667
25.0,2990,15731.535339
44.0,4573,15740.911183
17.0,2665,15748.463061
20.0,3437,15756.769061
24.0,3625,15759.728083
27.0,3751,15768.26907
40.0,4699,15777.533146
23.0,4218,15786.409185
17.0,2700,15794.017802
23.0,3123,15802.092413
23.0,3442,15810.336249
64.0,5567,15820.37417
30.0,3573,15828.670778
35.0,4566,15837.834136
46.0,5195,15847.256517
30.0,4426,15856.369632
9.0,1997,15863.431366
38.0,5121,15873.005044
27.0,3865,15881.509886
24.0,3475,15889.730226
24.0,3275,15897.789532
24.0,3673,15906.041327
29.0,3793,15908.993767
36.0,4660,15923.507436
25.0,3640,15926.450993
19.0,3144,15934.340959
62.0,5529,15949.751467
29.0,4103,15958.609893
33.0,3758,15967.151382
29.0,3555,15970.033518
63.0,5747,15985.563203
24.0,3636,15994.149071
28.0,3826,16002.703757
30.0,3185,16005.332292
26.0,2992,16013.184637
24.0,3221,16021.231805
24.0,3705,16029.643567
30.0,4001,16038.407391
18.0,3215,16046.323793
16.0,2941,16048.6772
25.0,3347,16056.7502
19.0,2538,16064.255899
27.0,3523,16072.631485
23.0,3656,16075.731821
17.0,3233,16083.863154
36.0,3954,16092.53736
023,16014.145441
28.0,3530,16022.400853
27.0,3358,16030.499055
32.0,4540,16039.67624
41.0,4292,16048.533154
24.0,3597,16056.825382
24.0,4092,16065.72953
43.0,5146,16075.4542
18.0,2977,16083.401015
37.0,4027,16092.165976
0,3441,16040.778913
36.0,4621,16055.354913
13.0,2588,16057.404269
17.0,2621,16064.993608
35.0,3964,16073.785218
24.0,3487,16082.075207
21.0,2953,16084.531506
28.0,3305,16092.686445
42
37.0,4247,16022.457417
39.0,5185,16037.530589
34.0,4999,16046.994126
44.0,5312,16056.726509
12.0,2419,16064.089645
18.0,2955,16066.648658
50.0,4931,16081.558293
24.0,3634,16084.620591
23.0,3660,16093.124923
